15/11/2024 06:45:28,0.5,1.3,0.339979,0.024232,350,170,52.0
15/11/2024 06:45:38,0.34,1.38,0.343395,0.024406,379,173,51.0
15/11/2024 06:45:48,0.34,1.4,0.345735,0.024538,399,175,52.0
15/11/2024 06:45:58,0.25,1.45,0.35862,0.028144,462,201,52.0
15/11/2024 06:46:08,0.29,1.5,1.638987,0.614967,1511,1038,51.0
15/11/2024 06:46:18,0.31,1.5,3.08428,1.361857,2745,2006,51.0
15/11/2024 06:46:28,0.31,1.5,4.404945,2.105894,3889,2931,51.0
15/11/2024 06:46:38,0.32,1.49,5.814193,2.773711,5094,3828,51.0
15/11/2024 06:46:48,0.31,1.4,7.239141,3.518252,6300,4763,52.0
15/11/2024 06:46:58,0.32,1.4,8.542504,4.1809,7409,5604,51.0
15/11/2024 06:47:08,0.3,1.4,9.987213,4.925448,8636,6542,51.0
15/11/2024 06:47:18,0.29,1.4,11.269834,5.587015,9725,7369,50.0
15/11/2024 06:47:28,0.31,1.4,12.712213,6.33209,10942,8312,51.0
15/11/2024 06:47:38,0.31,1.4,14.182523,7.076863,12339,9247,51.0
15/11/2024 06:47:48,0.31,1.4,15.503197,7.817755,13680,10132,51.0
15/11/2024 06:47:58,0.21,1.4,16.557912,8.319421,14599,10809,50.0
15/11/2024 06:48:08,0.08,1.4,16.567373,8.319853,14666,10817,50.0
15/11/2024 06:48:18,0.15,1.34,16.570497,8.319853,14702,10817,51.0
15/11/2024 06:48:28,0.0,1.3,16.579781,8.319853,14763,10817,50.0
15/11/2024 06:48:38,0.0,1.3,16.584695,8.320099,14797,10820,50.0
15/11/2024 06:48:48,0.0,1.3,16.588687,8.320225,14829,10823,50.0
15/11/2024 06:48:58,0.0,1.3,16.596839,8.320225,14886,10823,49.0
15/11/2024 06:49:08,0.0,1.3,16.599293,8.320315,14906,10824,50.0
15/11/2024 06:49:18,0.0,1.3,16.602743,8.320399,14937,10826,50.0
15/11/2024 06:49:28,0.01,1.3,16.607255,8.320399,14986,10826,49.0
15/11/2024 06:49:38,0.0,1.3,16.608564,8.320465,15005,10827,49.0
15/11/2024 06:49:48,0.0,1.3,16.609904,8.320771,15026,10832,49.0
15/11/2024 06:49:59,0.0,1.3,16.617521,8.320881,15083,10833,49.0
15/11/2024 06:50:09,0.46,1.3,17.015825,8.390277,15803,11321,49.0
15/11/2024 06:50:19,0.65,1.32,17.360602,8.412036,16205,11477,50.0
15/11/2024 06:50:29,0.33,1.4,17.363472,8.41212,16252,11479,49.0
15/11/2024 06:50:39,0.33,1.4,17.370841,8.412516,16334,11485,48.0
15/11/2024 06:50:49,0.26,1.48,18.706458,8.88243,17428,12220,49.0
15/11/2024 06:50:59,0.29,1.5,20.162886,9.786776,18698,13219,49.0
15/11/2024 06:51:09,0.29,1.5,21.817664,10.697431,20134,14329,49.0
15/11/2024 06:51:19,0.32,1.48,23.591124,11.395422,21600,15330,48.0
15/11/2024 06:51:29,0.34,1.43,25.379577,12.308036,23123,16454,49.0
15/11/2024 06:51:39,0.27,1.42,27.154977,13.221912,24622,17597,49.0
15/11/2024 06:51:49,0.3,1.41,28.925556,14.134867,26074,18729,49.0
15/11/2024 06:51:59,0.3,1.42,30.698317,15.047366,27539,19849,49.0
15/11/2024 06:52:09,0.29,1.4,32.470145,15.958923,29001,20953,50.0
15/11/2024 06:52:19,0.3,1.4,33.8005,16.835825,30132,21922,49.0
15/11/2024 06:52:29,0.3,1.41,35.788213,17.779035,31701,23127,48.0
15/11/2024 06:52:39,0.29,1.42,37.555497,18.690997,33110,24243,49.0
15/11/2024 06:52:49,0.31,1.42,39.326999,19.602823,34581,25354,49.0
15/11/2024 06:52:59,0.3,1.42,41.098037,20.513007,36033,26442,49.0
15/11/2024 06:53:09,0.3,1.42,43.088226,21.430251,37647,27635,50.0
15/11/2024 06:53:19,0.3,1.41,44.859483,22.343818,39113,28776,48.0
15/11/2024 06:53:29,0.31,1.4,46.192467,23.087464,40238,29659,48.0
15/11/2024 06:53:39,0.3,1.4,47.966504,24.159214,41724,30881,49.0
15/11/2024 06:53:49,0.3,1.4,49.799442,25.072978,43226,32024,49.0
15/11/2024 06:53:59,0.3,1.41,51.512093,25.86247,44626,33026,48.0
15/11/2024 06:54:09,0.32,1.41,53.282011,26.67466,46058,34054,47.0
15/11/2024 06:54:19,0.29,1.44,55.053587,27.586773,47516,35171,48.0
15/11/2024 06:54:29,0.3,1.43,56.829835,28.498879,49029,36289,48.0
15/11/2024 06:54:39,0.29,1.4,58.600212,29.410301,50469,37400,48.0
15/11/2024 06:54:49,0.3,1.42,60.370729,30.315506,51908,38415,49.0
15/11/2024 06:54:59,0.29,1.42,61.931916,31.226993,53242,39500,49.0
15/11/2024 06:55:09,0.24,1.36,61.943784,31.230287,53305,39531,48.0
15/11/2024 06:55:19,0.0,1.3,61.945214,31.230377,53328,39532,47.0
15/11/2024 06:55:29,0.01,1.3,61.94788,31.230617,53371,39536,48.0
15/11/2024 06:55:39,0.0,1.3,61.950702,31.230881,53416,39540,47.0
15/11/2024 06:55:49,0.0,1.3,61.956292,31.230923,53481,39541,47.0
15/11/2024 06:55:59,0.0,1.3,61.961788,31.231097,53540,39544,47.0
15/11/2024 06:56:09,0.0,1.3,61.967638,31.231731,53619,39552,47.0
15/11/2024 06:56:19,0.0,1.3,61.972058,31.231731,53683,39552,46.0
15/11/2024 06:56:29,0.0,1.3,61.977094,31.232103,53739,39558,47.0
15/11/2024 06:56:39,0.0,1.3,61.997004,31.232235,53835,39560,47.0
15/11/2024 06:56:49,0.01,1.3,62.004354,31.232235,53896,39560,48.0
15/11/2024 06:56:59,0.0,1.3,62.010122,31.232235,53937,39560,48.0
15/11/2024 06:57:09,0.43,1.3,62.401933,31.305659,54597,40064,47.0
15/11/2024 06:57:19,0.6,1.3,62.742874,31.326298,54951,40214,48.0
15/11/2024 06:57:29,0.35,1.4,62.749335,31.326298,54996,40214,47.0
15/11/2024 06:57:39,0.32,1.4,62.751743,31.326784,55033,40221,49.0
15/11/2024 06:57:49,0.26,1.47,63.945183,31.648477,55958,40792,48.0
15/11/2024 06:57:59,1.56,1.5,65.776918,32.864117,57557,42132,49.0
15/11/2024 06:58:09,0.27,1.5,68.119939,33.796524,59438,43434,48.0
15/11/2024 06:58:19,0.33,1.5,70.506955,35.026701,61449,44974,48.0
15/11/2024 06:58:29,0.32,1.5,72.595187,36.23833,63226,46259,49.0
15/11/2024 06:58:39,0.28,1.5,74.677926,37.161726,64909,47439,49.0
15/11/2024 06:58:50,0.28,1.5,77.062556,38.389073,66889,48957,48.0
15/11/2024 06:59:00,0.27,1.5,79.445555,39.615147,68853,50454,47.0
15/11/2024 06:59:10,0.28,1.5,81.232825,40.534765,70326,51578,48.0
15/11/2024 06:59:20,0.27,1.5,83.615482,41.760049,72291,53064,48.0
15/11/2024 06:59:30,0.31,1.5,86.00075,42.985152,74291,54550,49.0
15/11/2024 06:59:40,0.3,1.5,88.101522,44.204165,76078,55945,48.0
15/11/2024 06:59:50,0.27,1.5,90.17019,45.12932,77743,57151,49.0
15/11/2024 07:00:00,0.3,1.5,92.554541,46.35489,79714,58639,49.0
15/11/2024 07:00:10,0.27,1.5,94.93682,47.581396,81638,60139,49.0
15/11/2024 07:00:20,0.28,1.5,96.726094,48.615778,83142,61333,49.0
15/11/2024 07:00:30,0.28,1.5,99.107079,49.728252,85066,62780,49.0
15/11/2024 07:00:40,0.31,1.5,101.492116,50.952084,87068,64244,49.0
15/11/2024 07:00:50,0.3,1.5,103.582989,52.170614,88853,65628,49.0
15/11/2024 07:01:00,0.3,1.5,105.668111,53.09648,90568,66846,48.0
15/11/2024 07:01:10,0.27,1.5,108.051393,54.321046,92546,68320,49.0
15/11/2024 07:01:20,0.26,1.5,110.433769,55.544992,94528,69786,49.0
15/11/2024 07:01:30,0.29,1.5,112.22331,56.46454,96034,70907,49.0
15/11/2024 07:01:40,0.29,1.5,114.606813,57.689747,98018,72389,49.0
15/11/2024 07:01:50,0.28,1.5,117.009214,58.911871,100056,73830,48.0
15/11/2024 07:02:00,0.28,1.5,118.836303,60.126365,101646,75156,49.0
15/11/2024 07:02:10,0.27,1.5,121.178789,61.056548,103490,76433,48.0
15/11/2024 07:02:20,0.3,1.5,122.680978,61.973022,104796,77487,49.0
15/11/2024 07:02:30,0.13,1.35,122.685384,61.973256,104842,77492,48.0
15/11/2024 07:02:40,0.0,1.3,122.688504,61.973346,104875,77493,48.0
15/11/2024 07:02:50,0.0,1.3,122.691054,61.97343,104907,77495,47.0
15/11/2024 07:03:00,0.0,1.3,122.695509,61.97343,104943,77495,48.0
15/11/2024 07:03:10,0.0,1.3,122.698879,61.97343,104971,77495,47.0
15/11/2024 07:03:20,0.0,1.3,122.702359,61.973562,105010,77497,47.0
15/11/2024 07:03:30,0.01,1.3,122.704985,61.973778,105044,77501,47.0
15/11/2024 07:03:40,0.0,1.3,122.709419,61.973778,105083,77501,47.0
15/11/2024 07:03:50,0.0,1.3,122.713669,61.973868,105126,77502,48.0
15/11/2024 07:04:00,0.0,1.3,122.718105,61.973952,105167,77504,47.0
15/11/2024 07:04:10,0.0,1.3,122.719775,61.973952,105194,77504,46.0
15/11/2024 07:04:20,0.01,1.3,122.724841,61.975985,105248,77510,47.0
15/11/2024 07:04:30,0.58,1.3,123.338186,62.055383,106132,78059,49.0
15/11/2024 07:04:40,0.51,1.35,123.449341,62.069083,106299,78135,47.0
15/11/2024 07:04:50,0.32,1.4,123.455543,62.069083,106351,78135,48.0
15/11/2024 07:05:00,0.33,1.42,123.458805,62.069389,106389,78140,48.0
15/11/2024 07:05:10,0.22,1.5,125.182893,62.560756,107738,78981,47.0
15/11/2024 07:05:20,0.26,1.5,128.601054,63.867124,110399,80757,47.0
15/11/2024 07:05:30,0.32,1.5,130.315886,64.747909,111809,81811,47.0
15/11/2024 07:05:40,0.29,1.5,133.743476,66.511565,114609,83939,48.0
15/11/2024 07:05:50,0.32,1.5,135.459197,67.393905,116042,85017,47.0
15/11/2024 07:06:00,0.27,1.5,138.041608,69.138639,118294,86880,47.0
15/11/2024 07:06:10,0.29,1.5,140.602404,70.036077,120239,88184,48.0
15/11/2024 07:06:20,0.28,1.5,142.337696,71.764689,121957,89807,48.0
15/11/2024 07:06:30,0.25,1.5,145.748911,72.678326,124516,91349,48.0
15/11/2024 07:06:40,0.3,1.5,147.46665,73.560339,125961,92425,48.0
15/11/2024 07:06:50,0.26,1.5,150.764676,75.3174,128689,94477,48.0
15/11/2024 07:07:00,0.28,1.5,152.631246,76.199114,130265,95543,49.0
15/11/2024 07:07:10,0.27,1.5,154.354652,77.467809,131781,96858,48.0
15/11/2024 07:07:20,0.26,1.5,157.775149,78.842626,134459,98730,49.0
15/11/2024 07:07:31,0.31,1.5,159.492034,79.724313,135868,99799,48.0
15/11/2024 07:07:41,0.27,1.5,162.917868,81.483641,138644,101881,48.0
15/11/2024 07:07:51,0.27,1.5,164.636141,82.365485,140080,102956,48.0
15/11/2024 07:08:01,0.28,1.5,167.8269,84.123585,142707,105023,49.0
15/11/2024 07:08:11,0.27,1.5,169.776284,85.008274,144254,106136,49.0
15/11/2024 07:08:21,0.28,1.5,172.350851,86.752343,146399,107988,49.0
15/11/2024 07:08:31,0.27,1.5,174.913308,87.65112,148368,109315,48.0
15/11/2024 07:08:41,0.28,1.5,176.635371,88.895478,149884,110530,49.0
15/11/2024 07:08:51,0.24,1.5,180.055883,90.288817,152576,112420,49.0
15/11/2024 07:09:01,0.3,1.5,181.77422,91.169462,154018,113477,49.0
15/11/2024 07:09:11,0.26,1.5,184.361126,92.917737,156271,115377,49.0
15/11/2024 07:09:21,0.29,1.5,186.924243,93.815479,158250,116688,49.0
15/11/2024 07:09:31,0.31,1.5,188.646534,94.951298,159772,117905,49.0
15/11/2024 07:09:41,0.28,1.5,192.069618,96.448358,162494,119722,49.0
15/11/2024 07:09:51,0.29,1.5,193.785029,97.326024,163919,120737,49.0
15/11/2024 07:10:01,0.22,1.5,197.211873,99.062178,166709,122476,49.0
15/11/2024 07:10:11,0.3,1.5,198.927105,99.933405,168127,123389,50.0
15/11/2024 07:10:21,0.27,1.5,201.507095,101.674119,170330,125190,50.0
15/11/2024 07:10:31,0.29,1.5,204.070684,102.571132,172304,126490,49.0
15/11/2024 07:10:41,0.28,1.5,206.048283,104.305464,174153,128199,49.0
15/11/2024 07:10:51,0.27,1.5,209.219455,105.215399,176526,129688,49.0
15/11/2024 07:11:01,0.29,1.5,210.934952,106.096837,177928,130753,49.0
15/11/2024 07:11:11,0.24,1.5,214.361401,107.855492,180697,132829,49.0
15/11/2024 07:11:21,0.29,1.5,216.076669,108.735494,182108,133876,49.0
15/11/2024 07:11:31,0.27,1.5,217.804403,110.294098,183716,135374,49.0
15/11/2024 07:11:41,0.28,1.5,221.218134,111.378333,186297,137052,49.0
15/11/2024 07:11:51,0.27,1.5,222.932224,112.259297,187692,138111,49.0
15/11/2024 07:12:01,0.26,1.5,225.510032,114.00496,189877,139991,49.0
15/11/2024 07:12:11,0.28,1.5,228.070703,114.90341,191834,141313,49.0
15/11/2024 07:12:21,0.26,1.5,229.801322,116.629399,193491,142900,49.0
15/11/2024 07:12:31,0.27,1.5,233.20929,117.545104,195999,144474,49.0
15/11/2024 07:12:41,0.29,1.5,234.922979,118.422238,197386,145481,49.0
15/11/2024 07:12:51,0.25,1.5,237.780732,120.172777,199797,147424,50.0
15/11/2024 07:13:01,0.28,1.5,240.069383,121.065549,201587,148658,49.0
15/11/2024 07:13:11,0.24,1.5,241.807358,122.792964,203281,150266,49.0
15/11/2024 07:13:21,0.26,1.5,245.217575,123.708953,205803,151850,49.0
15/11/2024 07:13:31,0.31,1.5,246.932472,124.589564,207195,152904,49.0
15/11/2024 07:13:41,0.23,1.5,250.357309,126.352687,209964,155043,49.0
15/11/2024 07:13:51,1.52,1.5,252.071582,127.232814,211358,156088,49.0
15/11/2024 07:14:01,0.28,1.5,255.370401,128.987928,214057,158111,50.0
15/11/2024 07:14:11,0.32,1.5,257.217074,129.867157,215561,159149,49.0
15/11/2024 07:14:21,0.28,1.5,259.748287,131.613226,217789,160994,49.0
15/11/2024 07:14:31,0.3,1.5,262.365131,132.517148,219835,162350,50.0
15/11/2024 07:14:41,0.26,1.5,264.07953,133.398067,221238,163405,50.0
15/11/2024 07:14:51,0.28,1.5,267.50829,135.159685,224027,165522,49.0
15/11/2024 07:15:01,0.28,1.5,269.231671,136.042,225467,166590,48.0
15/11/2024 07:15:11,0.26,1.5,271.875199,137.787973,227728,168471,49.0
15/11/2024 07:15:21,0.3,1.5,274.369106,138.680547,229569,169709,49.0
15/11/2024 07:15:31,0.28,1.5,276.59216,140.408219,231446,171320,49.0
15/11/2024 07:15:41,0.28,1.5,279.504596,141.312826,233646,172737,49.0
15/11/2024 07:15:51,0.27,1.5,281.218797,142.194025,235048,173800,49.0
15/11/2024 07:16:01,0.27,1.5,284.645771,143.955396,237830,175913,49.0
15/11/2024 07:16:12,0.27,1.5,286.361805,144.83709,239230,176983,49.0
15/11/2024 07:16:22,0.25,1.5,289.668615,146.596653,241923,179067,49.0
15/11/2024 07:16:32,0.3,1.5,291.504162,147.47974,243413,180162,49.0
15/11/2024 07:16:42,0.25,1.5,293.227154,148.804018,244958,181508,49.0
15/11/2024 07:16:52,0.28,1.5,295.804067,150.108271,247069,183102,48.0
15/11/2024 07:17:02,0.16,1.36,295.81548,150.111481,247132,183131,48.0
15/11/2024 07:17:12,0.0,1.3,295.82137,150.111565,247182,183133,49.0
15/11/2024 07:17:22,0.0,1.3,295.824031,150.111565,247210,183133,49.0
15/11/2024 07:17:32,0.02,1.3,295.827252,150.111739,247246,183136,47.0
15/11/2024 07:17:42,0.0,1.3,295.830461,150.112045,247288,183141,49.0
15/11/2024 07:17:52,0.0,1.3,295.836445,150.112135,247342,183142,48.0
15/11/2024 07:18:02,0.0,1.3,295.840361,150.112811,247392,183151,49.0
15/11/2024 07:18:12,0.0,1.3,295.842871,150.112853,247433,183152,48.0
15/11/2024 07:18:22,0.0,1.3,295.846401,150.112853,247468,183152,48.0
15/11/2024 07:18:32,0.0,1.3,295.850521,150.112943,247508,183153,48.0
15/11/2024 07:18:42,0.0,1.3,295.856363,150.113027,247555,183155,47.0
15/11/2024 07:18:52,0.01,1.3,295.858933,150.113027,247597,183155,48.0
15/11/2024 07:19:02,0.44,1.3,296.248034,150.193642,248257,183642,47.0
15/11/2024 07:19:12,0.61,1.33,296.594588,150.215019,248641,183793,46.0
15/11/2024 07:19:22,0.33,1.4,296.601858,150.215019,248691,183793,48.0
15/11/2024 07:19:32,0.35,1.4,296.607222,150.215283,248742,183797,47.0
15/11/2024 07:19:42,0.26,1.5,298.89562,150.261498,250323,184462,47.0
15/11/2024 07:19:52,0.28,1.5,301.204902,151.436417,252264,185796,48.0
15/11/2024 07:20:02,0.23,1.5,305.078062,153.783566,255549,188416,48.0
15/11/2024 07:20:12,0.28,1.5,308.107749,154.978305,257914,190045,48.0
15/11/2024 07:20:22,0.31,1.5,310.427393,156.161106,259935,191477,49.0
15/11/2024 07:20:32,0.25,1.5,312.736561,157.806789,261960,193206,48.0
15/11/2024 07:20:42,0.24,1.5,317.187865,159.699414,265449,195679,48.0
15/11/2024 07:20:52,0.28,1.5,319.620178,160.883624,267433,197152,48.0
15/11/2024 07:21:02,0.27,1.5,321.921622,162.063624,269325,198557,49.0
15/11/2024 07:21:12,0.25,1.5,325.024162,164.394054,272067,200931,49.0
15/11/2024 07:21:22,0.25,1.5,328.817254,165.605285,274958,202801,49.0
15/11/2024 07:21:32,0.28,1.5,331.119229,166.785895,276860,204221,48.0
15/11/2024 07:21:42,0.28,1.5,333.425572,167.966883,278788,205644,49.0
15/11/2024 07:21:52,0.24,1.5,337.530216,170.319022,282179,208342,50.0
15/11/2024 07:22:02,0.27,1.5,340.314007,171.511149,284327,209934,49.0
15/11/2024 07:22:12,0.28,1.5,342.612628,172.688153,286212,211299,48.0
15/11/2024 07:22:22,0.26,1.5,344.924016,174.635427,288304,213229,48.0
15/11/2024 07:22:32,0.24,1.5,348.783119,176.21619,291318,215341,49.0
15/11/2024 07:22:42,0.29,1.5,351.797203,177.410658,293649,216966,49.0
15/11/2024 07:22:52,0.26,1.5,354.099133,178.592481,295533,218399,49.0
15/11/2024 07:23:02,0.27,1.5,356.405375,180.574455,297528,220179,49.0
15/11/2024 07:23:12,0.24,1.5,359.842454,182.099968,300213,222138,49.0
15/11/2024 07:23:22,0.26,1.5,363.277358,183.305162,302849,223924,49.0
15/11/2024 07:23:32,0.26,1.5,365.576873,184.486131,304738,225343,49.0
15/11/2024 07:23:42,0.28,1.5,367.875808,185.668276,306613,226785,49.0
15/11/2024 07:23:52,0.24,1.5,371.332415,188.006727,309599,229279,48.0
15/11/2024 07:24:02,0.26,1.5,374.773116,189.210982,312275,231051,49.0
15/11/2024 07:24:12,0.31,1.5,377.076932,190.375891,314209,232236,48.0
15/11/2024 07:24:22,0.26,1.5,379.399685,192.69317,316440,234416,49.0
15/11/2024 07:24:32,0.23,1.5,383.971841,193.918016,319876,236495,48.0
15/11/2024 07:24:42,0.28,1.5,386.266091,195.095477,321709,237863,48.0
15/11/2024 07:24:52,0.29,1.5,388.566268,196.274628,323609,239261,48.0
15/11/2024 07:25:03,0.24,1.5,392.029485,198.608088,326612,241670,48.0
15/11/2024 07:25:13,0.25,1.5,395.467079,199.809911,329271,243402,48.0
15/11/2024 07:25:23,0.26,1.5,397.768778,200.992324,331194,244844,49.0
15/11/2024 07:25:33,0.27,1.5,400.079573,202.907098,333266,246769,48.0
15/11/2024 07:25:43,0.24,1.5,404.661665,204.538297,336800,249164,49.0
15/11/2024 07:25:53,0.28,1.5,406.968221,205.720038,338722,250594,48.0
15/11/2024 07:26:03,0.29,1.5,409.271668,206.90129,340638,252022,49.0
15/11/2024 07:26:13,0.24,1.5,411.587463,209.146449,342791,254140,48.0
15/11/2024 07:26:23,0.26,1.5,416.16086,210.445854,346219,256310,49.0
15/11/2024 07:26:33,0.28,1.5,418.463498,211.628315,348142,257756,49.0
15/11/2024 07:26:43,0.28,1.5,420.762862,212.809286,350052,259173,49.0
15/11/2024 07:26:53,0.26,1.5,423.08578,215.126379,352308,261351,48.0
15/11/2024 07:27:03,0.27,1.5,427.662939,216.353651,355765,263463,49.0
15/11/2024 07:27:13,0.28,1.5,429.964275,217.535318,357685,264898,47.0
15/11/2024 07:27:23,0.28,1.5,432.262324,218.716154,359561,266316,48.0
15/11/2024 07:27:33,0.28,1.5,435.720835,221.055724,362561,268832,48.0
15/11/2024 07:27:43,0.26,1.5,439.153419,222.253478,365180,270506,48.0
15/11/2024 07:27:53,0.27,1.5,441.469083,223.434691,367137,271932,48.0
15/11/2024 07:28:03,0.26,1.5,443.771342,224.616267,369046,273360,48.0
15/11/2024 07:28:13,0.25,1.5,447.227928,226.95588,372022,275872,47.0
15/11/2024 07:28:23,0.26,1.5,450.662485,228.158623,374660,277620,48.0
15/11/2024 07:28:33,0.29,1.5,452.960497,229.339167,376540,279034,47.0
15/11/2024 07:28:43,0.25,1.5,455.275777,231.405199,378668,281054,47.0
15/11/2024 07:28:53,0.37,1.5,459.850692,232.882095,382131,283301,50.0
15/11/2024 07:29:03,1.44,1.5,462.152315,234.063284,384033,284727,47.0
15/11/2024 07:29:13,0.27,1.5,464.449581,235.244868,385915,286159,48.0
15/11/2024 07:29:23,0.22,1.5,467.653851,237.579677,388713,288599,47.0
15/11/2024 07:29:33,0.26,1.5,471.344827,238.788007,391551,290427,49.0
15/11/2024 07:29:43,0.27,1.5,473.642455,239.968192,393442,291834,47.0
15/11/2024 07:29:53,0.27,1.5,475.937573,241.148809,395289,293249,48.0
15/11/2024 07:30:03,0.24,1.5,479.399311,243.489256,398292,295770,48.0
15/11/2024 07:30:13,0.26,1.5,482.832778,244.690543,400929,297491,47.0
15/11/2024 07:30:23,0.27,1.5,485.129688,245.871766,402805,298917,48.0
15/11/2024 07:30:33,0.27,1.5,487.441309,247.819644,404904,300860,48.0
15/11/2024 07:30:43,0.28,1.5,492.020288,249.41226,408420,303150,47.0
15/11/2024 07:30:53,0.27,1.5,494.320287,250.591924,410321,304551,48.0
15/11/2024 07:31:03,0.26,1.5,496.619884,251.772918,412208,305974,49.0
15/11/2024 07:31:13,0.24,1.5,500.076287,254.111076,415182,308465,48.0
15/11/2024 07:31:23,0.25,1.5,503.512054,255.306814,417830,310108,48.0
15/11/2024 07:31:33,0.28,1.5,505.81558,256.487539,419726,311529,48.0
15/11/2024 07:31:43,0.26,1.5,508.138496,258.803805,421972,313692,48.0
15/11/2024 07:31:53,0.27,1.5,512.70945,260.03112,425386,315809,48.0
15/11/2024 07:32:03,0.27,1.5,515.017352,261.206684,427348,317150,48.0
15/11/2024 07:32:13,0.27,1.5,517.320317,262.387932,429275,318574,48.0
15/11/2024 07:32:23,0.27,1.5,520.213801,264.716442,431908,320919,49.0
15/11/2024 07:32:33,0.27,1.5,524.214962,265.929177,434947,322816,48.0
15/11/2024 07:32:43,0.28,1.5,526.514915,267.110949,436863,324251,48.0
15/11/2024 07:32:53,0.3,1.5,527.69248,268.272315,438044,325354,48.0
15/11/2024 07:33:03,0.06,1.3,527.710823,268.272489,438162,325357,48.0
15/11/2024 07:33:13,0.0,1.3,527.717853,268.272489,438212,325357,48.0
15/11/2024 07:33:23,0.0,1.3,527.720763,268.272579,438250,325358,47.0
15/11/2024 07:33:33,0.01,1.3,527.728113,268.272579,438308,325358,47.0
15/11/2024 07:33:44,0.0,1.3,527.732887,268.272579,438350,325358,47.0
15/11/2024 07:33:54,0.0,1.3,527.736517,268.272579,438384,325358,48.0
15/11/2024 07:34:04,0.0,1.3,527.739113,268.272579,438412,325358,47.0
15/11/2024 07:34:14,0.0,1.3,527.742583,268.272579,438446,325358,47.0
15/11/2024 07:34:24,0.0,1.3,527.748939,268.272579,438533,325358,47.0
15/11/2024 07:34:34,0.0,1.3,527.753279,268.272711,438578,325360,47.0
15/11/2024 07:34:44,0.0,1.3,527.755199,268.272801,438607,325361,48.0
15/11/2024 07:34:54,0.01,1.3,527.757666,268.272801,438637,325361,49.0
15/11/2024 07:35:04,0.2,1.3,528.003949,268.288553,438924,325486,48.0
15/11/2024 07:35:14,0.61,1.3,528.48578,268.382074,439655,326009,47.0
15/11/2024 07:35:24,0.36,1.38,528.489992,268.383384,439702,326016,47.0
15/11/2024 07:35:34,0.35,1.4,528.494346,268.383833,439750,326022,47.0
15/11/2024 07:35:44,0.32,1.49,528.506659,268.387463,439826,326048,47.0
15/11/2024 07:35:54,0.21,1.51,535.18745,268.518571,444287,328005,47.0
15/11/2024 07:36:04,0.3,1.51,535.192606,268.518888,444340,328009,48.0
15/11/2024 07:36:14,0.19,1.59,541.943192,271.988314,449817,332174,47.0
15/11/2024 07:36:24,0.34,1.51,541.949194,271.991196,449881,332199,47.0
15/11/2024 07:36:34,0.21,1.5,548.696144,275.457414,455321,336321,48.0
15/11/2024 07:36:44,0.32,1.5,548.703842,275.457414,455387,336321,47.0
15/11/2024 07:36:54,0.23,1.51,552.115098,278.861574,458679,339509,47.0
15/11/2024 07:37:04,0.29,1.5,555.460808,278.927416,460975,340495,47.0
15/11/2024 07:37:14,0.21,1.5,558.579286,282.324882,464088,343584,47.0
15/11/2024 07:37:24,0.25,1.51,562.219667,282.396016,466581,344644,48.0
15/11/2024 07:37:34,0.27,1.5,562.293474,285.734717,467668,346850,48.0
15/11/2024 07:37:44,0.27,1.5,568.982006,285.84906,472204,348565,48.0
15/11/2024 07:37:54,0.28,1.5,569.029785,287.986894,472921,349978,47.0
15/11/2024 07:38:04,0.19,1.5,575.749669,289.311804,477810,352628,48.0
15/11/2024 07:38:14,0.3,1.5,575.764637,289.311804,477916,352628,48.0
15/11/2024 07:38:24,0.17,1.51,582.515271,292.777032,483401,356727,47.0
15/11/2024 07:38:34,0.32,1.5,582.52611,292.777032,483487,356727,48.0
15/11/2024 07:38:44,0.17,1.51,586.193283,296.183586,486918,359949,47.0
15/11/2024 07:38:54,0.29,1.5,589.281617,296.244972,488995,360872,47.0
15/11/2024 07:39:04,0.2,1.5,590.902321,299.616203,491060,363551,47.0
15/11/2024 07:39:14,0.27,1.51,596.038157,299.716183,494501,365048,48.0
15/11/2024 07:39:24,0.3,1.5,596.104268,303.055082,495503,367257,47.0
15/11/2024 07:39:34,0.27,1.5,602.78774,303.185261,499975,369210,48.0
15/11/2024 07:39:44,0.31,1.5,602.825827,304.802453,500497,370282,47.0
15/11/2024 07:39:54,0.2,1.53,609.542439,306.655279,505442,373378,48.0
15/11/2024 07:40:04,0.32,1.5,609.551279,306.655596,505508,373382,48.0
15/11/2024 07:40:14,0.2,1.51,616.299698,310.124088,510965,377533,48.0
15/11/2024 07:40:24,0.31,1.5,616.303204,310.124154,510996,377534,47.0
15/11/2024 07:40:34,0.16,1.5,622.568795,313.583395,516124,381542,48.0
15/11/2024 07:40:44,0.31,1.5,623.052133,313.592641,516468,381681,47.0
15/11/2024 07:40:54,0.24,1.5,627.17512,317.00943,520117,385052,48.0
15/11/2024 07:41:04,0.3,1.5,629.801186,317.057377,521894,385774,47.0
15/11/2024 07:41:14,0.21,1.5,633.205814,320.460821,525066,388950,48.0
15/11/2024 07:41:24,0.26,1.5,636.547181,320.525785,527314,389917,48.0
15/11/2024 07:41:34,0.29,1.5,636.591295,323.864684,527971,392126,47.0
15/11/2024 07:41:44,0.26,1.5,643.272392,323.996753,532429,394102,47.0
15/11/2024 07:41:54,0.29,1.5,643.327267,327.335454,533259,396308,47.0
15/11/2024 07:42:04,0.21,1.53,650.011342,327.463225,537757,398219,48.0
15/11/2024 07:42:14,0.32,1.5,650.015952,327.463225,537833,398219,48.0
15/11/2024 07:42:24,0.2,1.51,656.756955,330.930289,543193,402338,47.0
15/11/2024 07:42:35,0.33,1.5,656.761745,330.930331,543272,402339,48.0
15/11/2024 07:42:45,0.22,1.5,663.510822,334.386955,548763,406316,47.0
15/11/2024 07:42:55,0.32,1.5,663.516896,334.386955,548845,406316,48.0
15/11/2024 07:43:05,0.18,1.5,669.691215,337.800878,553973,409643,47.0
15/11/2024 07:43:15,0.32,1.5,670.275677,337.812158,554439,409813,47.0
15/11/2024 07:43:25,0.24,1.51,673.70446,341.214814,557765,412979,48.0
15/11/2024 07:43:35,0.29,1.5,677.052422,341.27804,560058,413921,48.0
15/11/2024 07:43:45,0.23,1.5,678.915275,344.651906,562195,416655,48.0
15/11/2024 07:43:55,0.26,1.5,683.799285,344.746818,565482,418070,48.0
15/11/2024 07:44:05,0.28,1.5,683.859374,347.80964,566353,420093,48.0
15/11/2024 07:44:15,0.24,1.51,690.545318,348.215142,570888,422210,48.0
15/11/2024 07:44:25,0.3,1.5,690.552601,348.215142,570989,422210,47.0
15/11/2024 07:44:35,0.2,1.51,697.304441,351.68053,576470,426316,47.0
15/11/2024 07:44:45,0.33,1.5,697.309638,351.68053,576524,426316,48.0
15/11/2024 07:44:55,0.93,1.52,704.062806,355.148879,582027,430454,50.0
15/11/2024 07:45:05,0.84,1.55,704.074539,355.150718,582117,430469,48.0
15/11/2024 07:45:15,0.17,1.51,710.821272,358.615042,587595,434557,48.0
15/11/2024 07:45:25,0.34,1.52,710.833931,358.615174,587677,434559,48.0
15/11/2024 07:45:35,0.23,1.51,714.546993,362.02616,591139,437846,48.0
15/11/2024 07:45:45,0.31,1.51,717.59214,362.064249,593216,438422,48.0
15/11/2024 07:45:55,0.19,1.5,721.002533,365.459871,596486,441482,48.0
15/11/2024 07:46:05,0.29,1.5,724.348683,365.519664,598749,442373,48.0
15/11/2024 07:46:15,0.23,1.5,725.562994,368.88066,600551,444914,49.0
15/11/2024 07:46:25,0.28,1.5,731.105798,368.988723,604279,446534,47.0
15/11/2024 07:46:35,0.25,1.5,731.171765,372.327398,605275,448740,47.0
15/11/2024 07:46:45,0.27,1.51,737.854515,372.453367,609739,450628,48.0
15/11/2024 07:46:55,0.31,1.5,737.875438,373.214975,610009,451132,48.0
15/11/2024 07:47:05,0.18,1.51,744.610991,375.921481,615259,454765,47.0
15/11/2024 07:47:15,0.32,1.5,744.616289,375.921481,615304,454765,47.0
15/11/2024 07:47:25,0.14,1.51,751.360951,379.390461,620724,458917,47.0
15/11/2024 07:47:35,0.32,1.5,751.36311,379.39061,620749,458919,47.0
15/11/2024 07:47:45,0.22,1.51,756.36441,382.825202,624921,462559,48.0
15/11/2024 07:47:55,0.29,1.5,758.105617,382.859541,626098,463072,47.0
15/11/2024 07:48:05,0.19,1.5,761.32465,386.260299,629209,466212,47.0
15/11/2024 07:48:15,0.27,1.52,764.856398,386.320099,631580,467109,47.0
15/11/2024 07:48:25,0.25,1.5,764.930239,389.65884,632631,469316,47.0
15/11/2024 07:48:35,0.25,1.51,771.611237,389.774316,637076,471049,48.0
15/11/2024 07:48:45,0.31,1.5,771.62722,390.478326,637315,471514,48.0
15/11/2024 07:48:55,0.19,1.52,778.367818,393.242713,642601,475189,47.0
15/11/2024 07:49:05,0.31,1.5,778.374581,393.242713,642644,475189,48.0
15/11/2024 07:49:15,0.18,1.51,785.120595,396.710143,648069,479318,47.0
15/11/2024 07:49:25,0.32,1.5,785.127872,396.710292,648144,479320,47.0
15/11/2024 07:49:35,0.19,1.51,790.151974,400.145264,652337,482962,47.0
15/11/2024 07:49:45,0.31,1.5,791.872353,400.179447,653507,483473,47.0
15/11/2024 07:49:55,0.22,1.5,794.98914,403.577377,656368,486563,48.0
15/11/2024 07:50:05,0.3,1.51,798.620585,403.647426,658826,487614,49.0
15/11/2024 07:50:15,0.23,1.5,798.692834,406.986473,659876,489826,47.0
15/11/2024 07:50:25,0.24,1.5,805.377474,407.104169,664357,491583,47.0
15/11/2024 07:50:35,0.31,1.5,805.394375,407.670471,664581,491958,48.0
15/11/2024 07:50:45,0.18,1.51,812.128249,410.57038,669807,495692,48.0
15/11/2024 07:50:55,0.33,1.5,812.130939,410.57038,669851,495692,47.0
15/11/2024 07:51:05,0.21,1.5,818.880813,414.039164,675323,499848,48.0
15/11/2024 07:51:16,0.32,1.5,818.892319,414.039501,675408,499852,47.0
15/11/2024 07:51:26,0.2,1.51,825.641646,417.508293,680881,504004,47.0
15/11/2024 07:51:36,0.33,1.5,825.644472,417.508788,680926,504010,47.0
15/11/2024 07:51:46,0.2,1.51,829.423228,420.917908,684444,507266,48.0
15/11/2024 07:51:56,0.28,1.5,832.398453,420.975817,686454,508126,48.0
15/11/2024 07:52:06,0.23,1.5,834.458508,424.352113,688811,510895,47.0
15/11/2024 07:52:16,0.29,1.5,839.15371,424.445504,691972,512295,47.0
15/11/2024 07:52:26,0.26,1.5,839.523201,427.789999,693222,514584,47.0
15/11/2024 07:52:36,0.25,1.5,845.908081,427.918208,697492,516501,47.0
15/11/2024 07:52:46,0.27,1.51,845.97407,431.256949,698469,518708,47.0
15/11/2024 07:52:56,0.22,1.51,852.657816,431.374753,702929,520475,46.0
15/11/2024 07:53:06,0.31,1.5,852.670034,431.577695,703046,520610,47.0
15/11/2024 07:53:16,0.17,1.5,859.412495,434.831977,708424,524457,47.0
15/11/2024 07:53:26,0.32,1.5,859.420248,434.832168,708481,524460,48.0
15/11/2024 07:53:36,0.2,1.5,866.165943,438.284976,713900,528380,47.0
15/11/2024 07:53:46,0.31,1.5,866.169597,438.285313,713928,528384,47.0
15/11/2024 07:53:56,0.16,1.5,869.578627,441.688013,717167,531548,48.0
15/11/2024 07:54:06,0.29,1.5,872.925565,441.751158,719438,532492,47.0
15/11/2024 07:54:16,0.21,1.5,874.246101,445.114284,721292,535062,47.0
15/11/2024 07:54:26,0.26,1.51,879.676943,445.222729,724943,536687,47.0
15/11/2024 07:54:36,0.24,1.5,879.744507,448.561734,725945,538898,47.0
15/11/2024 07:54:46,0.22,1.51,886.425314,448.692024,730403,540842,47.0
15/11/2024 07:54:56,0.3,1.5,886.472805,450.982772,731115,542356,48.0
15/11/2024 07:55:06,0.18,1.51,893.181744,452.16638,735897,545056,47.0
15/11/2024 07:55:16,0.31,1.5,893.18359,452.166655,735917,545061,48.0
15/11/2024 07:55:26,0.14,1.51,899.928599,455.633895,741347,549189,48.0
15/11/2024 07:55:36,0.33,1.5,899.931761,455.63434,741375,549195,47.0
15/11/2024 07:55:46,0.18,1.5,904.475005,459.057244,745354,552665,47.0
15/11/2024 07:55:56,0.31,1.5,906.682858,459.101615,746854,553328,48.0
15/11/2024 07:56:06,0.2,1.5,909.983618,462.504729,750054,556495,48.0
15/11/2024 07:56:16,0.28,1.52,913.437423,462.572056,752368,557505,47.0
15/11/2024 07:56:26,0.22,1.5,913.507924,465.910797,753408,559712,47.0
15/11/2024 07:56:36,0.24,1.51,920.189655,466.035467,757863,561574,47.0
15/11/2024 07:56:46,0.3,1.5,920.204872,466.730639,758092,562036,47.0
15/11/2024 07:56:56,0.21,1.51,926.944094,469.504277,763403,565729,47.0
15/11/2024 07:57:06,0.3,1.5,926.94949,469.504426,763444,565731,47.0
15/11/2024 07:57:16,0.19,1.5,933.697667,472.97155,768900,569859,47.0
15/11/2024 07:57:26,0.31,1.5,933.705349,472.971953,768971,569864,48.0
15/11/2024 07:57:36,0.21,1.51,940.453056,476.441589,774435,574030,48.0
15/11/2024 07:57:46,0.31,1.5,940.457909,476.441992,774486,574035,47.0
15/11/2024 07:57:56,0.18,1.51,947.230903,479.911532,780305,578197,47.0
15/11/2024 07:58:06,0.33,1.5,947.255033,479.911935,780628,578202,48.0
15/11/2024 07:58:16,0.18,1.5,950.901015,483.319681,784477,581441,47.0
15/11/2024 07:58:26,0.27,1.5,954.198982,483.381176,787161,582356,48.0
15/11/2024 07:58:36,0.27,1.5,957.151865,486.774986,790137,585386,47.0
15/11/2024 07:58:46,0.28,1.51,960.955392,486.849721,792675,586502,47.0
15/11/2024 07:58:56,0.25,1.5,961.033521,490.188642,793716,588711,47.0
15/11/2024 07:59:06,0.24,1.51,967.749526,490.318489,798278,590652,47.0
15/11/2024 07:59:16,0.28,1.5,967.776415,491.36185,798631,591344,47.0
15/11/2024 07:59:26,0.18,1.51,974.50279,493.788286,803766,594820,46.0
15/11/2024 07:59:36,0.32,1.5,974.504963,493.788689,803785,594825,47.0
15/11/2024 07:59:46,0.2,1.51,981.251714,497.254575,809215,598938,46.0
15/11/2024 07:59:56,0.32,1.5,981.25629,497.254912,809264,598942,46.0
15/11/2024 08:00:07,0.19,1.52,985.603953,500.677826,813120,602407,47.0
15/11/2024 08:00:17,0.3,1.51,988.015592,500.725989,814767,603130,47.0
15/11/2024 08:00:27,0.23,1.5,991.422078,504.129789,817984,606313,47.0
15/11/2024 08:00:37,0.26,1.5,994.764255,504.195482,820227,607292,48.0
15/11/2024 08:00:47,0.27,1.5,995.4217,507.545198,821641,609663,47.0
15/11/2024 08:00:57,1.34,1.54,1001.516395,507.650696,825709,611243,47.0
15/11/2024 08:01:07,0.54,1.53,1001.588412,510.989652,826745,613453,47.0
15/11/2024 08:01:17,0.22,1.55,1008.269563,511.119715,831201,615400,47.0
15/11/2024 08:01:27,0.31,1.53,1008.278547,511.120118,831276,615405,47.0
15/11/2024 08:01:37,0.16,1.52,1015.025295,514.58922,836709,619562,48.0
15/11/2024 08:01:47,0.32,1.52,1015.026849,514.589623,836733,619567,47.0
15/11/2024 08:01:57,0.18,1.5,1021.175155,518.023241,841806,623196,47.0
15/11/2024 08:02:07,0.3,1.52,1021.778219,518.035506,842240,623380,47.0
15/11/2024 08:02:17,0.23,1.52,1025.191333,521.438646,845509,626549,47.0
15/11/2024 08:02:27,0.27,1.5,1028.551125,521.504641,848043,627531,48.0
15/11/2024 08:02:37,0.23,1.52,1029.913078,524.868331,849963,630109,47.0
15/11/2024 08:02:47,0.28,1.52,1035.308554,524.967409,853647,631593,47.0
15/11/2024 08:02:57,0.28,1.51,1035.380435,528.306299,854693,633802,48.0
15/11/2024 08:03:07,0.25,1.52,1042.061881,528.434728,859146,635720,47.0
15/11/2024 08:03:17,0.3,1.52,1042.079672,529.075299,859410,636145,47.0
15/11/2024 08:03:27,0.2,1.52,1048.815168,531.903261,864677,639866,48.0
15/11/2024 08:03:37,0.34,1.52,1048.819152,531.903748,864715,639873,47.0
15/11/2024 08:03:47,0.19,1.52,1055.567308,535.373966,870144,644044,47.0
15/11/2024 08:03:57,0.3,1.5,1055.571316,535.374369,870185,644049,48.0
15/11/2024 08:04:07,0.15,1.51,1062.309809,538.844563,875508,648224,48.0
15/11/2024 08:04:17,0.31,1.53,1062.31368,538.844966,875550,648229,47.0
15/11/2024 08:04:27,0.21,1.51,1065.692424,542.249548,878334,651420,48.0
15/11/2024 08:04:37,0.28,1.53,1069.037752,542.315123,880597,652401,48.0
15/11/2024 08:04:47,0.26,1.52,1071.648811,545.702591,883259,655338,48.0
15/11/2024 08:04:57,0.28,1.53,1075.787,545.785277,886033,656574,47.0
15/11/2024 08:05:07,0.28,1.52,1075.923881,548.862433,887526,658627,47.0
15/11/2024 08:05:17,0.26,1.51,1082.620366,549.254003,892124,660718,48.0
15/11/2024 08:05:27,0.29,1.5,1082.668834,551.563256,892836,662248,47.0
15/11/2024 08:05:37,0.18,1.51,1089.374994,552.723932,897637,664884,48.0
15/11/2024 08:05:47,0.31,1.5,1089.379293,552.724419,897679,664891,49.0
15/11/2024 08:05:57,0.13,1.51,1096.061863,556.190699,903067,669005,48.0
15/11/2024 08:06:07,0.32,1.51,1096.131027,556.192691,903153,669034,48.0
15/11/2024 08:06:17,0.23,1.51,1099.53818,559.596615,906374,672215,47.0
15/11/2024 08:06:27,0.28,1.5,1102.884483,559.662542,908658,673199,47.0
15/11/2024 08:06:37,0.24,1.5,1105.213714,563.045408,911155,676065,48.0
15/11/2024 08:06:47,0.29,1.51,1109.635114,563.1343,914133,677398,48.0
15/11/2024 08:06:57,0.26,1.5,1109.711139,566.47319,915222,679607,48.0
15/11/2024 08:07:07,0.23,1.51,1116.390609,566.603103,919664,681545,47.0
15/11/2024 08:07:17,0.31,1.5,1116.409449,567.502634,919947,682142,48.0
15/11/2024 08:07:27,0.2,1.52,1123.138494,570.07256,925129,685709,48.0
15/11/2024 08:07:37,0.33,1.5,1123.140108,570.072963,925154,685714,47.0
15/11/2024 08:07:47,0.19,1.51,1129.88595,573.530845,930595,689705,48.0
15/11/2024 08:07:57,0.32,1.5,1129.89288,573.531464,930684,689714,47.0
15/11/2024 08:08:07,0.16,1.5,1135.067125,576.968796,935059,693390,48.0
15/11/2024 08:08:17,0.3,1.51,1136.642469,576.997733,936136,693820,48.0
15/11/2024 08:08:27,0.25,1.51,1140.050715,580.402529,939379,697019,48.0
15/11/2024 08:08:37,0.28,1.51,1143.392607,580.46542,941619,697957,47.0
15/11/2024 08:08:47,0.23,1.5,1144.892248,583.831644,943591,700574,48.0
15/11/2024 08:08:58,0.26,1.51,1150.14723,583.935126,947106,702120,47.0
15/11/2024 08:09:08,0.25,1.5,1150.219085,587.276023,948097,704348,47.0
15/11/2024 08:09:18,0.23,1.52,1156.900329,587.399288,952550,706192,48.0
15/11/2024 08:09:28,0.31,1.5,1156.949343,589.572093,953268,707630,47.0
15/11/2024 08:09:38,0.16,1.51,1163.654438,590.869169,958082,710355,47.0
15/11/2024 08:09:48,0.31,1.51,1163.657724,590.86967,958134,710361,46.0
15/11/2024 08:09:58,0.15,1.5,1170.17564,594.331618,963449,714407,48.0
15/11/2024 08:10:08,0.31,1.51,1170.411712,594.337264,963685,714491,47.0
15/11/2024 08:10:18,0.21,1.51,1173.823046,597.74037,966973,717659,47.0
15/11/2024 08:10:28,0.28,1.51,1177.166838,597.805441,969235,718629,47.0
15/11/2024 08:10:38,0.22,1.5,1180.292373,601.203367,972307,721721,48.0
15/11/2024 08:10:48,0.29,1.51,1183.920273,601.273969,974739,722777,47.0
15/11/2024 08:10:58,0.24,1.5,1185.457011,604.640777,976757,725403,47.0
15/11/2024 08:11:08,0.26,1.5,1190.674798,604.742244,980242,726920,47.0
15/11/2024 08:11:18,0.28,1.5,1191.157461,608.088958,981576,729247,47.0
15/11/2024 08:11:28,0.26,1.51,1197.428326,608.209819,985752,731051,47.0
15/11/2024 08:11:38,0.27,1.5,1197.503621,611.548626,986830,733259,46.0
15/11/2024 08:11:48,0.2,1.51,1204.185057,611.68027,991282,735232,47.0
15/11/2024 08:11:58,0.33,1.5,1204.188747,611.680673,991328,735237,48.0
15/11/2024 08:12:08,0.07,1.51,1207.602402,615.087956,994569,738442,47.0
15/11/2024 08:12:18,0.09,1.5,1207.60511,615.088304,994602,738448,47.0
15/11/2024 08:12:28,0.14,1.36,1207.60873,615.088304,994643,738448,46.0
15/11/2024 08:12:38,0.0,1.3,1207.613538,615.088304,994687,738448,47.0
15/11/2024 08:12:48,0.0,1.3,1207.61665,615.088304,994715,738448,48.0
15/11/2024 08:12:58,0.0,1.3,1207.620256,615.088394,994751,738449,47.0
15/11/2024 08:13:08,0.0,1.3,1207.624076,615.088436,994797,738450,48.0
15/11/2024 08:13:18,0.0,1.3,1207.627276,615.088436,994823,738450,47.0
15/11/2024 08:13:28,0.0,1.3,1207.629236,615.088436,994846,738450,46.0
15/11/2024 08:13:38,0.01,1.3,1207.632893,615.088436,994887,738450,47.0
15/11/2024 08:13:48,0.0,1.3,1207.636213,615.088436,994915,738450,47.0
15/11/2024 08:13:58,0.0,1.3,1207.641581,615.088436,994956,738450,47.0
15/11/2024 08:14:08,0.0,1.3,1207.645363,615.088568,994993,738452,47.0
15/11/2024 08:14:18,0.47,1.3,1208.029916,615.193835,995632,738955,47.0
15/11/2024 08:14:28,0.66,1.34,1208.369873,615.215828,995988,739112,48.0
15/11/2024 08:14:38,0.33,1.4,1208.378685,615.215828,996042,739112,48.0
15/11/2024 08:14:48,0.24,1.46,1208.389475,615.219416,996096,739137,48.0
15/11/2024 08:14:58,0.19,1.5,1209.195423,615.556016,996803,739634,48.0
15/11/2024 08:15:08,0.3,1.5,1210.488706,616.22256,997968,740521,47.0
15/11/2024 08:15:18,0.31,1.5,1211.774106,616.886908,999077,741386,48.0
15/11/2024 08:15:28,0.32,1.5,1213.059235,617.592265,1000192,742262,48.0
15/11/2024 08:15:38,0.33,1.5,1214.396889,618.294764,1001367,743162,47.0
15/11/2024 08:15:48,0.28,1.5,1215.629629,618.952432,1002421,743979,47.0
15/11/2024 08:15:58,0.31,1.5,1217.075224,619.621428,1003638,744866,48.0
15/11/2024 08:16:08,0.3,1.5,1218.359902,620.283858,1004742,745702,49.0
15/11/2024 08:16:18,0.29,1.5,1219.644778,621.025781,1005864,746598,49.0
15/11/2024 08:16:28,0.29,1.5,1221.088274,621.69055,1007075,747470,47.0
15/11/2024 08:16:38,0.29,1.5,1222.371006,622.35251,1008165,748306,48.0
15/11/2024 08:16:48,0.3,1.5,1223.733845,623.095821,1009323,749219,49.0
15/11/2024 08:16:58,1.56,1.5,1224.546044,623.512363,1010038,749758,49.0
15/11/2024 08:17:08,0.06,1.32,1224.557502,623.515657,1010103,749789,47.0
15/11/2024 08:17:18,0.0,1.3,1224.560574,623.515657,1010140,749789,48.0
15/11/2024 08:17:28,0.0,1.3,1224.563784,623.515657,1010175,749789,48.0
15/11/2024 08:17:38,0.01,1.3,1224.567782,623.516071,1010213,749796,47.0
15/11/2024 08:17:49,0.0,1.3,1224.571042,623.516071,1010248,749796,48.0
15/11/2024 08:17:59,0.0,1.3,1224.575057,623.516071,1010289,749796,48.0
15/11/2024 08:18:09,0.0,1.3,1224.578627,623.516747,1010330,749805,47.0
15/11/2024 08:18:19,0.0,1.3,1224.582367,623.516747,1010365,749805,47.0
15/11/2024 08:18:29,0.0,1.3,1224.585167,623.516747,1010394,749805,48.0
15/11/2024 08:18:39,0.0,1.3,1224.588773,623.516813,1010433,749806,47.0
15/11/2024 08:18:49,0.0,1.3,1224.590853,623.516897,1010466,749808,47.0
15/11/2024 08:18:59,0.0,1.3,1224.594716,623.516897,1010499,749808,47.0
15/11/2024 08:19:09,0.0,1.3,1224.600823,623.516897,1010556,749808,47.0
15/11/2024 08:19:19,0.6,1.3,1225.224123,623.63378,1011439,750402,47.0
15/11/2024 08:19:29,0.48,1.37,1225.338861,623.647652,1011615,750480,47.0
15/11/2024 08:19:39,0.34,1.4,1225.341871,623.647652,1011652,750480,46.0
15/11/2024 08:19:49,0.27,1.49,1225.354101,623.651504,1011722,750509,47.0
15/11/2024 08:19:59,0.19,1.5,1226.684512,624.117391,1012789,751212,47.0
15/11/2024 08:20:09,0.3,1.5,1228.456574,625.030453,1014253,752341,47.0
15/11/2024 08:20:19,0.3,1.5,1230.230687,625.94485,1015739,753483,47.0
15/11/2024 08:20:29,0.32,1.5,1232.227965,627.081254,1017439,754829,47.0
15/11/2024 08:20:39,0.34,1.5,1234.224874,628.001989,1019080,756055,46.0
15/11/2024 08:20:49,0.28,1.5,1235.997776,628.915235,1020550,757186,46.0
15/11/2024 08:20:59,0.33,1.5,1237.772728,629.828028,1022042,758315,47.0
15/11/2024 08:21:09,0.31,1.5,1239.544898,630.740408,1023496,759437,47.0
15/11/2024 08:21:19,0.28,1.5,1241.410478,631.87461,1025080,760748,46.0
15/11/2024 08:21:29,0.29,1.5,1243.529364,632.794616,1026759,761982,47.0
15/11/2024 08:21:39,0.32,1.5,1245.302106,633.706251,1028227,763096,47.0
15/11/2024 08:21:49,0.3,1.5,1247.073198,634.610177,1029677,764093,47.0
15/11/2024 08:21:59,0.3,1.5,1248.84673,635.61444,1031142,765242,47.0
15/11/2024 08:22:09,0.29,1.5,1251.021798,636.659735,1032891,766560,47.0
15/11/2024 08:22:19,0.3,1.5,1252.827971,637.572853,1034366,767693,47.0
15/11/2024 08:22:29,0.32,1.5,1254.5988,638.483705,1035829,768794,47.0
15/11/2024 08:22:39,0.29,1.5,1256.369668,639.395854,1037272,769912,47.0
15/11/2024 08:22:49,0.26,1.5,1258.141179,640.307799,1038718,771028,47.0
15/11/2024 08:22:59,0.3,1.5,1259.96315,641.440714,1040282,772306,47.0
15/11/2024 08:23:09,0.3,1.5,1262.131095,642.359207,1041999,773519,48.0
15/11/2024 08:23:19,0.27,1.5,1263.907643,643.272692,1043532,774647,49.0
15/11/2024 08:23:29,0.29,1.5,1265.903049,644.408503,1045201,775978,48.0
15/11/2024 08:23:39,0.31,1.5,1267.893747,645.326089,1046812,777179,47.0
15/11/2024 08:23:49,0.3,1.5,1269.669854,646.456851,1048344,778442,48.0
15/11/2024 08:23:59,0.01,1.5,1269.913168,646.464533,1048752,778533,48.0
15/11/2024 08:24:09,0.23,1.42,1269.946994,646.464665,1049200,778535,48.0
15/11/2024 08:24:19,0.0,1.3,1270.108183,646.464665,1049840,778535,48.0
15/11/2024 08:24:29,0.01,1.3,1270.110023,646.464665,1049869,778535,48.0
15/11/2024 08:24:39,0.0,1.3,1270.111579,646.464731,1049894,778536,47.0
15/11/2024 08:24:49,0.01,1.3,1270.11673,646.464815,1049933,778538,47.0
15/11/2024 08:24:59,0.01,1.3,1270.151924,646.464815,1050070,778538,48.0
15/11/2024 08:25:09,0.0,1.3,1270.189098,646.46678,1050409,778556,48.0
15/11/2024 08:25:19,0.87,1.3,1270.923965,646.54258,1051414,779070,48.0
15/11/2024 08:25:29,0.28,1.3,1271.148279,646.562382,1051766,779249,48.0
15/11/2024 08:25:39,0.43,1.3,1271.501422,646.588993,1052299,779459,48.0
15/11/2024 08:25:49,0.94,1.31,1272.399467,646.645758,1053235,779889,49.0
15/11/2024 08:25:59,0.37,1.4,1272.403783,646.647118,1053286,779897,48.0
15/11/2024 08:26:09,0.33,1.41,1272.412011,646.647118,1053370,779897,48.0
15/11/2024 08:26:19,0.3,1.5,1272.429511,646.651185,1053469,779927,48.0
15/11/2024 08:26:29,0.17,1.5,1273.917635,647.269984,1054668,780757,49.0
15/11/2024 08:26:39,0.29,1.5,1275.998441,648.194274,1056337,781945,48.0
15/11/2024 08:26:50,0.28,1.5,1278.380151,649.419789,1058297,783435,48.0
15/11/2024 08:27:00,0.27,1.5,1280.177089,650.633939,1059910,784755,47.0
15/11/2024 08:27:10,0.31,1.5,1282.560952,651.568135,1061880,786080,50.0
15/11/2024 08:27:20,0.27,1.5,1284.94257,652.793895,1063829,787570,48.0
15/11/2024 08:27:30,0.29,1.5,1286.729827,653.714286,1065307,788704,48.0
15/11/2024 08:27:40,0.28,1.5,1289.12702,654.938666,1067423,790179,49.0
15/11/2024 08:27:50,0.29,1.5,1291.462307,656.161015,1069719,791618,49.0
15/11/2024 08:28:00,0.3,1.5,1293.365651,657.084033,1071318,792790,48.0
15/11/2024 08:28:10,0.25,1.5,1295.750349,658.311007,1073300,794301,47.0
15/11/2024 08:28:20,0.25,1.5,1297.548281,659.525138,1074904,795622,48.0
15/11/2024 08:28:30,0.27,1.5,1299.925793,660.457007,1076779,796925,48.0
15/11/2024 08:28:40,0.27,1.5,1302.308962,661.683353,1078737,798419,48.0
15/11/2024 08:28:50,0.26,1.5,1304.381983,662.902167,1080498,799809,48.0
15/11/2024 08:29:00,0.27,1.5,1306.481691,663.828839,1082224,801038,48.0
15/11/2024 08:29:10,0.27,1.5,1308.863425,665.054971,1084178,802537,48.0
15/11/2024 08:29:20,0.29,1.5,1310.950885,666.274153,1085936,803932,48.0
15/11/2024 08:29:30,0.29,1.5,1313.03455,667.200172,1087624,805156,48.0
15/11/2024 08:29:40,0.29,1.5,1315.417352,668.424857,1089593,806632,49.0
15/11/2024 08:29:50,0.29,1.5,1317.799636,669.650803,1091552,808128,48.0
15/11/2024 08:30:00,0.25,1.5,1319.888108,670.871477,1093313,809549,48.0
15/11/2024 08:30:10,0.28,1.5,1321.971538,671.794622,1094993,810725,48.0
15/11/2024 08:30:20,0.3,1.5,1324.353213,673.018227,1096960,812189,49.0
15/11/2024 08:30:30,0.28,1.5,1326.736661,674.239429,1098938,813614,48.0
15/11/2024 08:30:40,0.28,1.5,1328.532209,675.452511,1100539,814922,49.0
15/11/2024 08:30:50,0.29,1.5,1330.910022,676.382554,1102416,816199,48.0
15/11/2024 08:31:00,0.31,1.5,1332.410516,677.299665,1103722,817266,49.0
15/11/2024 08:31:10,0.17,1.38,1332.415536,677.299815,1103763,817269,48.0
15/11/2024 08:31:20,0.0,1.3,1332.417396,677.299899,1103794,817271,47.0
15/11/2024 08:31:30,0.19,1.3,1332.666965,677.315184,1104123,817391,49.0
