15/11/2024 09:15:24,0.44,1.3,0.341401,0.022696,355,156,52.0
15/11/2024 09:15:34,0.46,1.35,0.345271,0.024188,395,166,52.0
15/11/2024 09:15:44,0.4,1.4,0.350484,0.02432,429,168,51.0
15/11/2024 09:15:54,0.32,1.46,2.057589,0.036599,1608,321,51.0
15/11/2024 09:16:04,0.34,1.5,4.639446,1.746814,3826,1666,51.0
15/11/2024 09:16:14,0.35,1.5,7.200426,2.635952,5786,2839,51.0
15/11/2024 09:16:24,0.37,1.5,8.926802,4.121538,7378,4304,50.0
15/11/2024 09:16:34,0.33,1.5,12.341713,5.281902,9992,6044,51.0
15/11/2024 09:16:44,0.38,1.5,14.053762,6.162834,11355,7098,50.0
15/11/2024 09:16:54,0.29,1.5,17.477222,7.924006,14081,9206,50.0
15/11/2024 09:17:04,0.37,1.5,19.198441,8.805522,15508,10265,49.0
15/11/2024 09:17:14,0.33,1.49,22.627496,10.565866,18311,12362,50.0
15/11/2024 09:17:24,0.33,1.49,24.343451,11.446749,19735,13421,50.0
15/11/2024 09:17:34,0.3,1.5,27.772185,13.209272,22521,15548,50.0
15/11/2024 09:17:44,0.33,1.5,29.489068,14.08902,23959,16587,50.0
15/11/2024 09:17:54,0.36,1.5,32.959416,15.874441,27186,18890,50.0
15/11/2024 09:18:04,0.34,1.5,34.680299,16.755535,28667,19952,49.0
15/11/2024 09:18:14,0.33,1.5,37.266402,18.501876,31002,21838,51.0
15/11/2024 09:18:24,0.36,1.5,39.832002,19.400144,32992,23155,50.0
15/11/2024 09:18:34,0.3,1.5,42.41386,21.141599,35232,24974,50.0
15/11/2024 09:18:44,0.32,1.5,44.981093,22.039893,37270,26286,49.0
15/11/2024 09:18:54,0.29,1.5,47.063216,23.775461,39172,28014,50.0
15/11/2024 09:19:04,0.33,1.5,50.128375,24.682676,41504,29468,50.0
15/11/2024 09:19:14,0.34,1.5,51.864912,26.406735,43198,31022,49.0
15/11/2024 09:19:24,0.31,1.49,55.276243,27.321699,45751,32585,50.0
15/11/2024 09:19:34,0.34,1.5,56.993365,28.203803,47172,33663,49.0
15/11/2024 09:19:45,0.28,1.5,60.420981,29.96511,49975,35773,49.0
15/11/2024 09:19:55,0.33,1.5,62.147283,30.846229,51502,36830,50.0
15/11/2024 09:20:05,0.29,1.48,64.725906,32.591136,53708,38697,50.0
15/11/2024 09:20:15,0.35,1.46,67.289888,33.489497,55697,40017,50.0
15/11/2024 09:20:25,0.31,1.49,69.378731,35.225072,57611,41746,51.0
15/11/2024 09:20:35,0.3,1.49,72.499012,36.133015,60336,43209,51.0
15/11/2024 09:20:45,0.34,1.49,74.219324,37.00959,61803,44203,50.0
15/11/2024 09:20:55,0.31,1.49,77.64614,38.770188,64608,46308,49.0
15/11/2024 09:21:05,0.36,1.5,79.362451,39.650748,66024,47360,51.0
15/11/2024 09:21:15,0.31,1.49,82.788014,41.414072,68811,49505,50.0
15/11/2024 09:21:25,0.35,1.5,84.50082,42.295196,70202,50567,50.0
15/11/2024 09:21:35,0.26,1.5,87.895585,44.054429,72984,52642,50.0
15/11/2024 09:21:45,0.35,1.49,89.646456,44.935715,74452,53706,50.0
15/11/2024 09:21:55,0.28,1.5,93.07622,46.699258,77267,55851,50.0
15/11/2024 09:22:05,0.33,1.5,94.79945,47.580814,78739,56919,50.0
15/11/2024 09:22:15,0.29,1.48,97.378846,49.325614,80984,58786,49.0
15/11/2024 09:22:25,0.32,1.49,99.941453,50.222569,82965,60088,50.0
15/11/2024 09:22:35,0.29,1.5,102.19385,51.956081,84998,61788,50.0
15/11/2024 09:22:45,0.31,1.49,105.089848,52.86167,87216,63212,51.0
15/11/2024 09:22:55,0.28,1.5,106.822275,54.589967,88896,64831,50.0
15/11/2024 09:23:05,0.3,1.49,110.238843,55.507973,91458,66427,50.0
15/11/2024 09:23:15,0.33,1.5,112.019733,57.238033,93188,68074,50.0
15/11/2024 09:23:25,0.34,1.49,115.388419,58.148921,95715,69582,50.0
15/11/2024 09:23:35,0.32,1.5,117.121263,59.871613,97403,71119,50.0
15/11/2024 09:23:45,0.33,1.48,120.533209,60.786054,99940,72681,49.0
15/11/2024 09:23:55,0.31,1.5,122.248479,61.667364,101348,73747,50.0
15/11/2024 09:24:05,0.3,1.49,125.677923,63.429043,104137,75861,50.0
15/11/2024 09:24:15,0.33,1.49,127.394043,64.309934,105540,76919,49.0
15/11/2024 09:24:25,0.26,1.5,130.820443,66.072493,108339,79052,50.0
15/11/2024 09:24:35,0.3,1.5,132.548154,66.953168,109924,80104,49.0
15/11/2024 09:24:45,0.31,1.48,135.240204,68.701377,112216,82014,49.0
15/11/2024 09:24:55,0.34,1.5,137.687698,69.595342,114086,83268,50.0
15/11/2024 09:25:05,0.28,1.49,140.275944,71.342951,116347,85158,50.0
15/11/2024 09:25:15,0.34,1.5,142.83848,72.241534,118325,86482,50.0
15/11/2024 09:25:25,0.29,1.48,145.417838,73.9871,120543,88356,50.0
15/11/2024 09:25:35,0.33,1.5,147.981053,74.880543,122526,89605,50.0
15/11/2024 09:25:45,0.29,1.5,150.559173,76.625607,124739,91474,49.0
15/11/2024 09:25:55,0.3,1.5,153.122984,77.521919,126719,92762,50.0
15/11/2024 09:26:05,0.27,1.5,154.856671,79.250758,128380,94388,51.0
15/11/2024 09:26:15,0.3,1.5,158.267549,80.165755,130922,95958,50.0
15/11/2024 09:26:25,0.33,1.5,160.007556,81.825568,132629,97541,50.0
15/11/2024 09:26:35,0.27,1.49,163.422753,82.808879,135201,99141,51.0
15/11/2024 09:26:45,0.36,1.47,165.139522,83.86262,136652,100318,51.0
15/11/2024 09:26:55,0.32,1.5,168.56772,85.451537,139419,102319,50.0
15/11/2024 09:27:05,0.33,1.49,170.288372,86.444458,140863,103452,50.0
15/11/2024 09:27:15,0.29,1.49,172.87511,88.080072,143104,105258,50.0
15/11/2024 09:27:25,0.22,1.4,172.87821,88.080198,143146,105261,49.0
15/11/2024 09:27:35,0.01,1.3,172.88175,88.080288,143186,105262,50.0
15/11/2024 09:27:45,0.0,1.3,172.88532,88.080288,143219,105262,50.0
15/11/2024 09:27:55,1.17,1.3,172.88846,88.080288,143260,105262,50.0
15/11/2024 09:28:05,0.6,1.3,173.271522,88.150881,143901,105733,49.0
15/11/2024 09:28:15,0.5,1.3,173.617656,88.174615,144284,105902,50.0
15/11/2024 09:28:26,0.4,1.38,173.62314,88.175184,144336,105906,49.0
15/11/2024 09:28:36,0.4,1.4,173.626566,88.175316,144382,105908,50.0
15/11/2024 09:28:46,0.35,1.48,175.909411,88.192843,145946,106140,51.0
15/11/2024 09:28:56,0.32,1.5,180.469032,90.518086,149187,108439,50.0
15/11/2024 09:29:06,0.37,1.5,182.764871,91.698563,151015,109851,50.0
15/11/2024 09:29:16,0.37,1.5,185.065595,92.882666,152916,111306,50.0
15/11/2024 09:29:26,0.34,1.5,189.662227,95.220814,156689,113795,50.0
15/11/2024 09:29:36,0.32,1.5,191.964805,96.401323,158643,115207,50.0
15/11/2024 09:29:46,0.33,1.5,194.261198,97.581988,160472,116625,50.0
15/11/2024 09:29:56,0.31,1.5,196.582202,99.898059,162695,118783,50.0
15/11/2024 09:30:06,0.28,1.5,201.173034,101.123252,166337,120865,50.0
15/11/2024 09:30:16,0.32,1.5,203.491009,102.304336,168552,122289,50.0
15/11/2024 09:30:26,0.34,1.5,205.87809,103.484946,170840,123705,51.0
15/11/2024 09:30:36,0.33,1.5,208.533063,105.807613,173745,125965,50.0
15/11/2024 09:30:46,0.33,1.5,212.867727,107.028661,176971,127986,50.0
15/11/2024 09:30:56,0.33,1.5,215.168309,108.210116,178877,129414,50.0
15/11/2024 09:31:06,0.36,1.5,217.478802,109.390942,180789,130838,50.0
15/11/2024 09:31:16,0.29,1.5,220.36044,111.718437,183686,133168,50.0
15/11/2024 09:31:26,0.31,1.5,224.427249,112.934795,186767,135116,50.0
15/11/2024 09:31:36,0.33,1.5,226.745398,114.117134,188967,136556,49.0
15/11/2024 09:31:46,0.34,1.5,229.043627,115.299512,190860,137991,49.0
15/11/2024 09:31:56,0.33,1.5,232.498395,117.641151,193818,140539,51.0
15/11/2024 09:32:06,0.32,1.5,235.925838,118.844167,196333,142284,50.0
15/11/2024 09:32:16,0.34,1.5,238.223227,120.025792,198200,143711,51.0
15/11/2024 09:32:26,0.33,1.5,240.523908,121.207746,200133,145149,50.0
15/11/2024 09:32:36,0.29,1.5,244.0599,123.54815,203165,147674,50.0
15/11/2024 09:32:46,0.33,1.5,247.416432,124.751042,205752,149423,50.0
15/11/2024 09:32:56,0.33,1.5,249.716759,125.931909,207667,150844,51.0
15/11/2024 09:33:06,0.34,1.5,252.240396,128.252568,210049,153071,51.0
15/11/2024 09:33:16,0.28,1.5,256.61309,129.473308,213341,155085,50.0
15/11/2024 09:33:26,0.35,1.5,258.91005,130.654876,215223,156520,50.0
15/11/2024 09:33:36,0.34,1.5,261.219201,131.833314,217226,157888,51.0
15/11/2024 09:33:46,0.28,1.5,264.610976,134.170217,220161,160358,50.0
15/11/2024 09:33:56,0.34,1.5,268.110626,135.375231,222863,162137,50.0
15/11/2024 09:34:06,0.33,1.5,270.409515,136.556911,224760,163568,51.0
15/11/2024 09:34:16,0.35,1.5,272.799933,138.874035,227529,165745,50.0
15/11/2024 09:34:26,0.28,1.5,276.371222,140.078876,230271,167526,51.0
15/11/2024 09:34:36,0.35,1.5,279.671253,141.2788,232845,169232,50.0
15/11/2024 09:34:46,0.34,1.5,281.971799,142.460611,234755,170665,51.0
15/11/2024 09:34:56,0.31,1.5,284.395301,144.779277,237051,172867,51.0
15/11/2024 09:35:06,0.34,1.5,288.874346,146.005195,240438,174947,50.0
15/11/2024 09:35:16,0.36,1.5,291.178356,147.186254,242360,176374,51.0
15/11/2024 09:35:26,0.33,1.5,293.48149,148.365783,244286,177772,51.0
15/11/2024 09:35:36,0.31,1.5,298.078643,150.727708,248027,180621,50.0
15/11/2024 09:35:46,0.35,1.5,300.378015,151.907181,249925,182021,51.0
15/11/2024 09:35:56,0.35,1.5,302.676552,153.085741,251824,183409,52.0
15/11/2024 09:36:06,0.29,1.5,306.134339,155.424855,254812,185907,51.0
15/11/2024 09:36:16,0.31,1.5,309.568223,156.628539,257437,187664,51.0
15/11/2024 09:36:26,0.34,1.5,311.868024,157.809987,259334,189090,51.0
15/11/2024 09:36:36,0.33,1.5,314.166409,158.989993,261214,190495,51.0
15/11/2024 09:36:46,0.31,1.5,317.859062,161.333305,264349,193059,51.0
15/11/2024 09:36:56,0.33,1.5,321.070395,162.533249,266906,194764,51.0
15/11/2024 09:37:07,0.35,1.5,323.373062,163.715035,268809,196201,51.0
15/11/2024 09:37:17,0.3,1.5,325.852159,166.035051,271140,198422,50.0
15/11/2024 09:37:27,0.3,1.5,330.263686,167.257219,274405,200453,50.0
15/11/2024 09:37:37,0.36,1.5,332.560786,168.438077,276275,201876,51.0
15/11/2024 09:37:47,0.33,1.5,334.858798,169.619648,278145,203309,51.0
15/11/2024 09:37:57,0.32,1.5,338.318559,171.959721,281143,205828,50.0
15/11/2024 09:38:07,0.34,1.5,341.754993,173.163519,283817,207591,50.0
15/11/2024 09:38:17,0.34,1.5,344.058427,174.345877,285788,209038,52.0
15/11/2024 09:38:27,0.3,1.5,346.365421,175.989885,287800,210736,51.0
15/11/2024 09:38:37,0.31,1.5,350.950724,177.887683,291409,213284,51.0
15/11/2024 09:38:47,0.32,1.5,353.252861,179.071925,293299,214743,50.0
15/11/2024 09:38:57,0.36,1.5,355.551042,180.249805,295200,216121,51.0
15/11/2024 09:39:07,0.31,1.5,359.011396,182.591256,298183,218650,51.0
15/11/2024 09:39:17,0.33,1.5,362.445671,183.79592,300820,220427,51.0
15/11/2024 09:39:27,0.33,1.5,364.74418,184.977164,302709,221852,51.0
15/11/2024 09:39:37,0.31,1.5,367.111248,187.295911,304968,224055,51.0
15/11/2024 09:39:47,0.33,1.5,371.634246,188.520946,308316,226134,50.0
15/11/2024 09:39:57,0.34,1.5,373.934626,189.702871,310215,227573,50.0
15/11/2024 09:40:07,0.33,1.5,376.235066,190.883144,312105,228981,51.0
15/11/2024 09:40:17,0.29,1.5,379.969866,193.226364,315257,231541,51.0
15/11/2024 09:40:27,0.32,1.5,383.124801,194.423937,317695,233211,50.0
15/11/2024 09:40:37,0.34,1.5,385.420989,195.605923,319515,234646,50.0
15/11/2024 09:40:47,0.3,1.5,388.854558,197.945614,322473,237161,50.0
15/11/2024 09:40:57,0.35,1.5,392.311272,199.148796,325104,238912,51.0
15/11/2024 09:41:07,0.35,1.5,394.608336,200.330356,326986,240344,50.0
15/11/2024 09:41:17,0.34,1.5,396.919536,202.29528,329079,242154,50.0
15/11/2024 09:41:27,0.29,1.5,401.219192,203.850955,332375,244282,52.0
15/11/2024 09:41:37,0.34,1.5,403.794437,205.037011,334449,245785,51.0
15/11/2024 09:41:47,0.35,1.5,404.963812,206.195199,335596,246843,51.0
15/11/2024 09:41:57,0.09,1.32,404.967958,206.195325,335641,246846,51.0
15/11/2024 09:42:07,0.0,1.3,404.971398,206.195325,335679,246846,51.0
15/11/2024 09:42:17,0.0,1.3,404.973898,206.195325,335703,246846,50.0
15/11/2024 09:42:27,0.44,1.3,405.356768,206.272046,336336,247317,51.0
15/11/2024 09:42:37,0.67,1.31,405.697189,206.294266,336700,247473,50.0
15/11/2024 09:42:47,0.4,1.4,405.701559,206.294266,336749,247473,51.0
15/11/2024 09:42:57,0.4,1.4,405.707514,206.294398,336795,247475,51.0
15/11/2024 09:43:07,0.3,1.49,412.396949,206.429173,341277,249460,51.0
15/11/2024 09:43:17,0.4,1.5,412.399849,206.429263,341324,249461,50.0
15/11/2024 09:43:27,1.56,1.54,419.101753,209.902079,346090,253680,52.0
15/11/2024 09:43:37,0.41,1.5,419.105173,209.902631,346134,253688,51.0
15/11/2024 09:43:47,0.2,1.5,425.816383,213.377444,350973,257912,51.0
15/11/2024 09:43:57,0.4,1.5,425.822069,213.377612,351026,257916,50.0
15/11/2024 09:44:07,0.23,1.5,432.096725,216.828591,356155,261805,51.0
15/11/2024 09:44:17,0.4,1.5,432.575847,216.837735,356508,261943,51.0
15/11/2024 09:44:27,0.24,1.51,437.258428,220.267112,360579,265513,50.0
15/11/2024 09:44:37,0.36,1.5,439.331852,220.307388,362064,266117,51.0
15/11/2024 09:44:47,0.27,1.51,442.741062,223.709152,365328,269277,52.0
15/11/2024 09:44:57,0.36,1.5,446.084733,223.772798,367583,270227,51.0
15/11/2024 09:45:07,0.26,1.5,447.838223,227.146929,369773,272944,51.0
15/11/2024 09:45:17,0.33,1.51,452.859463,227.244781,373399,274405,51.0
15/11/2024 09:45:27,0.38,1.5,452.9131,228.661951,374213,275342,50.0
15/11/2024 09:45:37,0.29,1.5,459.800378,230.713022,380022,278561,52.0
15/11/2024 09:45:47,0.38,1.5,459.807422,230.71313,380091,278563,50.0
15/11/2024 09:45:58,0.26,1.5,466.556091,234.181583,385562,282719,50.0
15/11/2024 09:46:08,0.4,1.5,466.559351,234.182116,385615,282727,50.0
15/11/2024 09:46:18,0.27,1.51,473.319213,237.652263,391007,286908,51.0
15/11/2024 09:46:28,0.4,1.5,473.351365,237.652395,391176,286910,51.0
15/11/2024 09:46:38,0.21,1.5,479.681358,241.112606,396355,290943,50.0
15/11/2024 09:46:48,0.39,1.5,480.100447,241.120784,396664,291066,50.0
15/11/2024 09:46:58,0.3,1.5,483.509637,244.521745,399914,294215,50.0
15/11/2024 09:47:08,0.39,1.5,486.850518,244.583681,402150,295144,50.0
15/11/2024 09:47:18,0.28,1.5,490.25593,247.984684,405342,298296,51.0
15/11/2024 09:47:28,0.32,1.51,493.599658,248.049672,407594,299263,51.0
15/11/2024 09:47:38,0.36,1.5,493.639593,249.75595,408144,300390,50.0
15/11/2024 09:47:48,0.28,1.51,500.352619,251.518827,413080,303426,51.0
15/11/2024 09:47:58,0.4,1.5,500.357075,251.519043,413120,303430,50.0
15/11/2024 09:48:08,0.32,1.5,507.10114,254.972884,418508,307370,50.0
15/11/2024 09:48:18,0.4,1.5,507.117273,254.972884,418736,307370,50.0
15/11/2024 09:48:28,0.28,1.5,513.871411,258.441535,424290,311537,51.0
15/11/2024 09:48:38,0.4,1.5,513.878683,258.441535,424370,311537,50.0
15/11/2024 09:48:48,0.21,1.5,520.633091,261.908324,429915,315672,51.0
15/11/2024 09:48:58,0.4,1.5,520.636877,261.908408,429954,315674,50.0
15/11/2024 09:49:08,0.28,1.5,526.60245,265.361548,434901,319601,51.0
15/11/2024 09:49:18,0.39,1.5,527.391634,265.378159,435492,319849,51.0
15/11/2024 09:49:28,0.28,1.5,530.801122,268.766612,438738,322812,51.0
15/11/2024 09:49:38,0.35,1.5,534.142353,268.832138,440967,323795,51.0
15/11/2024 09:49:48,0.3,1.5,537.551733,272.220715,444213,326756,51.0
15/11/2024 09:49:58,0.34,1.5,540.89381,272.286281,446459,327740,50.0
15/11/2024 09:50:08,0.29,1.5,540.961893,275.624365,447463,329947,51.0
15/11/2024 09:50:18,0.31,1.5,547.644151,275.748112,451928,331796,50.0
15/11/2024 09:50:28,0.36,1.5,547.706428,278.487004,452853,333606,51.0
15/11/2024 09:50:38,0.26,1.5,554.397986,279.217535,457478,335964,51.0
15/11/2024 09:50:48,0.39,1.5,554.402985,279.332665,457528,336041,50.0
15/11/2024 09:50:58,0.25,1.5,561.183479,282.686797,463233,340133,52.0
15/11/2024 09:51:08,0.41,1.5,561.229599,282.686797,463581,340133,51.0
15/11/2024 09:51:18,0.2,1.5,567.97529,286.147756,469022,344181,51.0
15/11/2024 09:51:28,0.4,1.5,567.97703,286.147756,469051,344181,49.0
15/11/2024 09:51:38,0.23,1.5,574.723474,289.616539,474492,348343,51.0
15/11/2024 09:51:48,0.4,1.5,574.727167,289.616714,474525,348345,51.0
15/11/2024 09:51:58,0.18,1.5,579.81178,293.052216,478688,352006,51.0
15/11/2024 09:52:08,0.38,1.5,581.465018,293.084863,479814,352494,50.0
15/11/2024 09:52:18,0.27,1.5,585.050812,296.490652,483172,355713,51.0
15/11/2024 09:52:28,0.36,1.5,588.217113,296.552131,485306,356630,51.0
15/11/2024 09:52:38,0.24,1.5,591.058826,299.943808,488172,359638,52.0
15/11/2024 09:52:48,0.35,1.5,594.968102,300.020482,490785,360780,51.0
15/11/2024 09:52:58,0.31,1.5,595.992751,303.376867,492461,363262,51.0
15/11/2024 09:53:08,0.34,1.5,601.727307,303.49085,496303,364970,51.0
15/11/2024 09:53:18,0.33,1.5,601.788258,306.828868,497206,367176,51.0
15/11/2024 09:53:28,0.29,1.5,608.473558,306.960886,501681,369152,50.0
15/11/2024 09:53:38,0.37,1.5,608.511566,308.691454,502239,370296,51.0
15/11/2024 09:53:48,0.26,1.5,615.224623,310.428078,507177,373296,51.0
15/11/2024 09:53:58,0.39,1.5,615.252787,311.533364,507564,374027,51.0
15/11/2024 09:54:08,0.2,1.5,621.974035,313.883437,512622,377256,51.0
15/11/2024 09:54:18,0.39,1.5,621.976645,313.883437,512647,377256,50.0
15/11/2024 09:54:28,0.18,1.5,628.723383,317.351701,518092,381410,50.0
15/11/2024 09:54:38,0.4,1.5,628.727142,317.351876,518126,381412,50.0
15/11/2024 09:54:49,0.23,1.5,632.75779,320.766635,521754,384762,51.0
15/11/2024 09:54:59,0.37,1.5,635.486605,320.820726,523754,385571,50.0
15/11/2024 09:55:09,0.28,1.5,638.902122,324.220212,527065,388693,50.0
15/11/2024 09:55:19,0.33,1.5,642.244445,324.268277,529304,389412,51.0
15/11/2024 09:55:29,0.27,1.5,642.31403,327.606295,530327,391618,52.0
15/11/2024 09:55:39,0.32,1.5,648.995277,327.735529,534783,393552,52.0
15/11/2024 09:55:49,0.34,1.5,649.061556,331.073547,535783,395758,51.0
15/11/2024 09:55:59,0.27,1.5,655.741406,331.203447,540221,397699,51.0
15/11/2024 09:56:09,0.39,1.5,655.767575,332.994868,540600,398887,52.0
15/11/2024 09:56:19,0.22,1.5,662.473309,334.672216,545414,401859,50.0
15/11/2024 09:56:29,0.4,1.5,662.475559,334.672216,545433,401859,51.0
15/11/2024 09:56:39,0.2,1.5,669.217767,338.141487,550802,406027,51.0
15/11/2024 09:56:49,0.4,1.5,669.2207,338.141678,550832,406030,50.0
15/11/2024 09:56:59,0.26,1.5,675.970026,341.608165,556292,410160,50.0
15/11/2024 09:57:09,0.41,1.5,675.971579,341.608314,556307,410162,50.0
15/11/2024 09:57:19,0.18,1.5,681.349507,345.047013,560805,413876,51.0
15/11/2024 09:57:29,0.39,1.5,682.718952,345.073432,561746,414273,51.0
15/11/2024 09:57:39,0.24,1.5,686.127556,348.475889,564977,417443,50.0
15/11/2024 09:57:49,0.36,1.5,689.468805,348.539277,567214,418390,50.0
15/11/2024 09:57:59,0.26,1.5,690.637398,351.898604,568948,420914,51.0
15/11/2024 09:58:09,0.35,1.5,696.215924,352.004053,572661,422495,50.0
15/11/2024 09:58:19,0.28,1.5,696.285057,355.342071,573696,424701,51.0
15/11/2024 09:58:29,0.25,1.5,702.964211,355.471363,578136,426638,51.0
15/11/2024 09:58:39,0.38,1.5,702.985052,356.461585,578449,427293,50.0
15/11/2024 09:58:49,0.2,1.5,709.710991,358.94167,583591,430818,51.0
15/11/2024 09:58:59,0.41,1.5,709.714866,358.941861,583639,430821,52.0
15/11/2024 09:59:09,0.25,1.5,716.460059,362.41184,589067,435003,51.0
15/11/2024 09:59:19,0.4,1.5,716.461565,362.412177,589090,435007,51.0
15/11/2024 09:59:29,1.6,1.51,723.20847,365.881436,594547,439177,50.0
15/11/2024 09:59:39,0.42,1.5,723.211492,365.881881,594586,439183,50.0
15/11/2024 09:59:49,0.17,1.5,729.947733,369.350899,599863,443344,52.0
15/11/2024 09:59:59,0.4,1.5,729.951933,369.351302,599899,443349,52.0
15/11/2024 10:00:09,0.25,1.51,736.70116,372.800962,605354,447225,51.0
15/11/2024 10:00:19,0.39,1.5,736.704304,372.801443,605386,447231,51.0
15/11/2024 10:00:29,0.2,1.5,740.117731,376.205909,608650,450427,50.0
15/11/2024 10:00:39,0.35,1.5,743.46072,376.271992,610908,451417,51.0
15/11/2024 10:00:49,0.28,1.5,744.798321,379.634188,612781,453980,52.0
15/11/2024 10:00:59,0.33,1.5,750.211769,379.729545,616392,455409,50.0
15/11/2024 10:01:09,0.32,1.5,750.281912,383.068112,617431,457617,51.0
15/11/2024 10:01:19,0.24,1.5,756.96226,383.198949,621870,459567,51.0
15/11/2024 10:01:29,0.4,1.5,756.966726,383.365704,621938,459680,51.0
15/11/2024 10:01:39,0.23,1.5,763.711049,386.670198,627353,463761,50.0
15/11/2024 10:01:49,0.39,1.5,763.722473,387.126127,627518,464065,51.0
15/11/2024 10:01:59,0.18,1.51,770.46235,390.139227,632833,467917,52.0
15/11/2024 10:02:09,0.39,1.5,770.465533,390.139376,632868,467919,50.0
15/11/2024 10:02:19,0.24,1.5,777.215486,393.610104,638341,472105,51.0
15/11/2024 10:02:29,0.4,1.5,777.217968,393.610507,638363,472110,50.0
15/11/2024 10:02:39,0.2,1.5,783.965049,397.078243,643803,476252,51.0
15/11/2024 10:02:49,0.4,1.5,783.968133,397.078646,643826,476257,50.0
15/11/2024 10:02:59,0.21,1.5,790.40824,400.535266,649089,480229,50.0
15/11/2024 10:03:09,0.41,1.5,790.720659,400.542353,649328,480334,51.0
15/11/2024 10:03:19,0.24,1.51,794.820211,403.957581,652978,483688,50.0
15/11/2024 10:03:29,0.39,1.5,797.468702,404.004088,654760,484389,50.0
15/11/2024 10:03:40,0.21,1.5,800.858421,407.408074,657953,487569,50.0
15/11/2024 10:03:50,0.37,1.51,804.214117,407.473353,660194,488545,49.0
15/11/2024 10:04:00,0.31,1.5,807.621087,410.878383,663414,491747,49.0
15/11/2024 10:04:10,0.32,1.5,810.963346,410.945176,665651,492744,51.0
15/11/2024 10:04:20,0.3,1.5,812.239667,414.307456,667305,495303,50.0
15/11/2024 10:04:30,0.33,1.51,817.70088,414.41619,670936,496929,50.0
15/11/2024 10:04:40,0.3,1.5,817.755826,417.75508,671753,499138,51.0
15/11/2024 10:04:50,0.31,1.5,824.436361,417.885899,676190,501095,49.0
15/11/2024 10:05:00,0.34,1.5,824.506623,421.224723,677218,503303,51.0
15/11/2024 10:05:10,0.31,1.51,831.190285,421.357083,681670,505268,50.0
15/11/2024 10:05:20,0.38,1.5,831.251011,424.694244,682573,507476,52.0
15/11/2024 10:05:30,0.23,1.5,837.931797,424.827894,687015,509445,50.0
15/11/2024 10:05:40,0.4,1.5,837.934946,424.828217,687048,509450,50.0
15/11/2024 10:05:50,0.15,1.5,844.679702,428.284347,692461,513413,50.0
15/11/2024 10:06:00,0.4,1.5,844.682602,428.284726,692493,513418,50.0
15/11/2024 10:06:10,0.24,1.5,851.430034,431.754245,697957,517585,51.0
15/11/2024 10:06:20,0.4,1.5,851.433112,431.754635,697988,517590,51.0
15/11/2024 10:06:30,0.21,1.5,854.933088,435.161307,701268,520809,51.0
15/11/2024 10:06:40,0.36,1.5,858.183168,435.224824,703444,521761,50.0
15/11/2024 10:06:50,0.28,1.5,861.592772,438.625108,706697,524892,50.0
15/11/2024 10:07:00,0.35,1.5,864.935552,438.690227,708938,525869,49.0
15/11/2024 10:07:10,0.27,1.5,867.474601,442.076765,711493,528789,50.0
15/11/2024 10:07:20,0.34,1.51,871.684887,442.160717,714322,530042,52.0
15/11/2024 10:07:30,0.28,1.5,871.753305,445.499697,715336,532252,49.0
15/11/2024 10:07:40,0.32,1.5,878.433181,445.631064,719770,534219,50.0
15/11/2024 10:07:50,0.34,1.5,878.491731,448.442777,720621,536079,51.0
15/11/2024 10:08:00,0.19,1.51,885.1827,449.100419,725218,538378,50.0
15/11/2024 10:08:10,0.4,1.5,885.188324,449.100822,725309,538383,51.0
15/11/2024 10:08:20,0.17,1.5,891.932534,452.5699,730725,542540,50.0
15/11/2024 10:08:30,0.4,1.5,891.936528,452.570303,730772,542545,50.0
15/11/2024 10:08:40,0.22,1.5,898.684066,456.039001,736218,546692,49.0
15/11/2024 10:08:50,0.4,1.5,898.68859,456.039404,736265,546697,51.0
15/11/2024 10:09:00,0.23,1.51,903.381651,459.468194,740564,550248,52.0
15/11/2024 10:09:10,0.43,1.5,905.622245,459.501942,742619,550745,52.0
15/11/2024 10:09:20,0.24,1.51,909.030763,462.903282,745856,553886,50.0
15/11/2024 10:09:30,0.37,1.5,912.372733,462.970035,748097,554886,50.0
15/11/2024 10:09:40,0.26,1.5,914.077066,466.339509,750211,557550,50.0
15/11/2024 10:09:50,0.35,1.5,919.150514,466.435287,753654,558986,50.0
15/11/2024 10:10:00,0.3,1.5,919.244372,469.774111,754790,561194,51.0
15/11/2024 10:10:10,0.29,1.5,925.925491,469.905685,759236,563160,51.0
15/11/2024 10:10:20,0.37,1.5,925.967535,471.9498,759867,564513,51.0
15/11/2024 10:10:30,0.26,1.5,932.67215,473.3747,764688,567319,50.0
15/11/2024 10:10:40,0.38,1.5,932.71225,475.338737,765291,568621,50.0
15/11/2024 10:10:50,0.26,1.51,939.41972,476.836525,770156,571368,51.0
15/11/2024 10:11:00,0.36,1.5,939.478415,479.556072,771014,573169,52.0
15/11/2024 10:11:10,0.21,1.5,946.171896,480.30597,775653,575528,50.0
15/11/2024 10:11:20,0.4,1.5,946.173378,480.306373,775676,575533,50.0
15/11/2024 10:11:30,0.23,1.5,952.919444,483.769871,781121,579609,51.0
15/11/2024 10:11:40,0.4,1.5,952.925585,483.770208,781212,579613,50.0
15/11/2024 10:11:50,0.21,1.5,959.687455,487.240214,786920,583791,50.0
15/11/2024 10:12:00,0.4,1.5,959.692755,487.240659,786992,583797,50.0
15/11/2024 10:12:10,0.18,1.51,963.872345,490.659529,790860,587200,50.0
15/11/2024 10:12:20,0.36,1.5,966.451047,490.709622,792594,587946,49.0
15/11/2024 10:12:30,0.28,1.5,969.860197,494.114052,795840,591138,50.0
15/11/2024 10:12:41,0.36,1.5,973.204059,494.181491,798122,592146,51.0
15/11/2024 10:12:51,0.25,1.5,974.441966,497.542109,799982,594678,50.0
15/11/2024 10:13:01,0.33,1.51,979.959933,497.646173,803658,596237,50.0
15/11/2024 10:13:11,0.31,1.5,980.029736,500.984997,804687,598445,50.0
15/11/2024 10:13:21,0.28,1.5,986.71014,501.113194,809130,600359,51.0
15/11/2024 10:13:31,0.37,1.5,986.743242,502.383655,809575,601201,51.0
15/11/2024 10:13:41,0.24,1.5,993.469731,504.579729,814704,604473,51.0
15/11/2024 10:13:51,0.4,1.5,993.471486,504.580132,814726,604478,51.0
15/11/2024 10:14:01,0.22,1.5,1000.219653,508.050264,820179,608650,50.0
15/11/2024 10:14:11,0.4,1.5,1000.242221,508.050709,820432,608656,50.0
15/11/2024 10:14:21,0.23,1.5,1007.044537,511.511567,826232,612699,50.0
15/11/2024 10:14:31,0.4,1.5,1007.049197,511.512048,826280,612705,51.0
15/11/2024 10:14:41,0.22,1.5,1013.795865,514.979386,831716,616838,50.0
15/11/2024 10:14:51,0.39,1.5,1013.798389,514.979855,831746,616844,50.0
15/11/2024 10:15:01,0.22,1.5,1019.954766,518.441766,836763,620881,51.0
15/11/2024 10:15:11,0.4,1.5,1020.551474,518.453571,837201,621057,51.0
15/11/2024 10:15:21,0.25,1.5,1024.126894,521.861131,840538,624291,50.0
15/11/2024 10:15:31,1.59,1.51,1027.300684,521.924456,842666,625239,51.0
15/11/2024 10:15:41,0.18,1.5,1030.588055,525.326158,845785,628385,50.0
15/11/2024 10:15:51,0.34,1.51,1034.048445,525.393864,848097,629395,51.0
15/11/2024 10:16:01,0.31,1.5,1036.680645,528.782,850805,632337,51.0
15/11/2024 10:16:11,0.35,1.51,1040.796581,528.863581,853552,633556,50.0
15/11/2024 10:16:21,0.3,1.5,1040.866287,532.202471,854601,635765,50.0
15/11/2024 10:16:31,0.25,1.51,1047.546727,532.333416,859046,637723,50.0
15/11/2024 10:16:41,0.38,1.5,1047.592669,535.264735,859723,639662,50.0
15/11/2024 10:16:51,0.23,1.5,1054.279266,535.801551,864252,641872,50.0
15/11/2024 10:17:01,0.4,1.5,1054.291254,535.80508,864328,641904,50.0
15/11/2024 10:17:11,0.21,1.51,1061.030662,539.274636,869653,646072,50.0
15/11/2024 10:17:21,0.4,1.5,1061.033516,539.275039,869681,646077,51.0
15/11/2024 10:17:31,0.18,1.5,1067.78004,542.742147,875119,650207,49.0
15/11/2024 10:17:41,0.4,1.5,1067.782146,542.742814,875143,650216,51.0
15/11/2024 10:17:51,0.22,1.5,1074.499444,546.210868,880133,654364,50.0
15/11/2024 10:18:01,0.4,1.5,1074.503682,546.211905,880169,654377,49.0
15/11/2024 10:18:11,0.23,1.51,1077.9196,549.615447,883536,657551,50.0
15/11/2024 10:18:21,0.36,1.5,1081.261242,549.683034,885789,658561,50.0
15/11/2024 10:18:31,0.23,1.5,1082.206179,553.038198,887413,661012,50.0
15/11/2024 10:18:41,0.07,1.51,1084.678955,553.090759,889082,661771,50.0
15/11/2024 10:18:51,0.24,1.46,1084.682482,553.090891,889108,661773,50.0
15/11/2024 10:19:01,0.0,1.3,1084.685728,553.090891,889130,661773,50.0
15/11/2024 10:19:11,0.02,1.3,1084.687748,553.090891,889154,661773,49.0
15/11/2024 10:19:21,0.31,1.3,1084.959479,553.141707,889619,662114,50.0
